Test_ID	Hit
XLOC_045776	&Pleurochrysis haptonemofera cDNA, clone: ConC2&Micromonas pusilla CCMP1545 major facilitator superfamily (NRT2.1), mRNA&Oryza sativa Japonica Group Os02g0112600 (Os02g0112600) mRNA, complete cds&Oryza sativa Japonica Group Os02g0112100 (Os02g0112100) mRNA, complete cds&Oryza sativa Japonica Group cDNA clone:002-146-C04, full insert sequence&Oryza sativa Nrt2 mRNA for high affinity nitrate transporter, complete cds&Morus notabilis High affinity nitrate transporter 2.4 partial mRNA&Morus notabilis High affinity nitrate transporter 2.4 partial mRNA&Phragmites australis NRT2 mRNA for putative high affinity nitrate transporter, complete cds&Isochrysis zhanjiangensis nitrate transporter (NRT) mRNA, partial cds
XLOC_014163	&Stereum hirsutum FP-91666 SS1 mitochondrial chaperone BCS1 (STEHIDRAFT_118952), mRNA&Oryza sativa Japonica Group Os06g0697600 (Os06g0697600) mRNA, complete cds&Oryza sativa Japonica Group cDNA, clone: J043013G02, full insert sequence&Punctularia strigosozonata HHB-11173 SS5 P-loop containing nucleoside triphosphate hydrolase protein (PUNSTDRAFT_127854), mRNA&Auricularia delicata TFB-10046 SS5 P-loop containing nucleoside triphosphate hydrolase protein (AURDEDRAFT_90038), partial mRNA&Arthroderma otae CBS 113480 mitochondrial chaperone BCS1, mRNA&Trichophyton rubrum CBS 118892 mitochondrial chaperone BCS1 (TERG_03112) mRNA, complete cds&Arthroderma gypseum CBS 118893 mitochondrial chaperone BCS1 (MGYG_08059) mRNA, complete cds&Zea mays uncharacterized LOC100501525 (LOC100501525), mRNA >gi|391417047|gb|BT085525.2| Zea mays full-length cDNA clone ZM_BFc0029O17 mRNA, complete cds&Phyllostachys edulis cDNA clone: bbasst002o07, full insert sequence
XLOC_003642	&Pleurochrysis haptonemofera cDNA, clone: ConC7&Pleurochrysis haptonemofera cDNA, clone: ConC2&Isochrysis galbana nitrate transporter mRNA, partial sequence&Tetraselmis chuii high affinity nitrate transporter (Nrt2) gene, partial cds&Micromonas pusilla CCMP1545 major facilitator superfamily (NRT2.1), mRNA&Uncultured diatom clone ECS_Group07 high affinity nitrate transporter (Nrt2) gene, partial cds&Micromonas sp. RCC299 chromosome 9 major facilitator superfamily (NTR2.3) mRNA, complete cds&Ostreococcus lucimarinus CCE9901 MFS family transporter: nitrate (OSTLU_26062) mRNA, complete cds&Bathycoccus prasinos nitrate transporter (Bathy02g01490) mRNA, complete cds&Chlamydomonas reinhardtii strain CC-503 cw92 mt+
XLOC_036699	&Drosophila melanogaster cuticular protein 49Ac (Cpr49Ac), transcript variant G, mRNA&Drosophila melanogaster cuticular protein 49Ac (Cpr49Ac), transcript variant F, mRNA&Drosophila melanogaster cuticular protein 49Ac (Cpr49Ac), transcript variant E, mRNA&Drosophila melanogaster cuticular protein 49Ac (Cpr49Ac), transcript variant D, mRNA&Drosophila melanogaster cuticular protein 49Ac (Cpr49Ac), transcript variant A, mRNA&Drosophila melanogaster cuticular protein 49Ac (Cpr49Ac), transcript variant C, mRNA&Synthetic construct Drosophila melanogaster clone BS09188 encodes Cpr49Ac-RA&Synthetic construct Drosophila melanogaster clone BO15821 encodes Cpr49Ac-RC&Synthetic construct Drosophila melanogaster clone BO09488 encodes Cpr49Ac-RA&Drosophila melanogaster LP04723 full insert cDNA
XLOC_037472	&Fonticula alba CAMK/CAMKL/MARK protein kinase partial mRNA&Spirometra erinaceieuropaei genome assembly S_erinaceieuropaei ,scaffold SPER_scaffold0032704&Spirometra erinaceieuropaei genome assembly S_erinaceieuropaei ,scaffold SPER_contig0132834&Mus musculus protein kinase, AMP-activated, alpha 2 catalytic subunit (Prkaa2), mRNA&Mus musculus protein kinase, AMP-activated, alpha 2 catalytic subunit, mRNA (cDNA clone MGC:170191 IMAGE:8861586), complete cds&Mus musculus protein kinase, AMP-activated, alpha 2 catalytic subunit, mRNA (cDNA clone MGC:170190 IMAGE:8861585), complete cds&Spirometra erinaceieuropaei genome assembly S_erinaceieuropaei ,scaffold SPER_contig0162279&Spirometra erinaceieuropaei genome assembly S_erinaceieuropaei ,scaffold SPER_contig0038190&Spirometra erinaceieuropaei genome assembly S_erinaceieuropaei ,scaffold SPER_scaffold0019899&Coccomyxa subellipsoidea C-169 Piwi-domain-containing protein (COCSUDRAFT_56024) mRNA, complete cds
XLOC_017989	&Micromonas sp. RCC299 chromosome 10 resistance-nodulation-cell division superfamily (MICPUN_61736) mRNA, complete cds&Mus musculus zinc finger, DBF-type containing 2 (Zdbf2), transcript variant 4, mRNA&Acanthamoeba castellanii str. Neff ubiquitin domain containing protein (ACA1_228730) mRNA, complete cds&Mus musculus zinc finger, DBF-type containing 2 (Zdbf2), transcript variant 3, mRNA >gi|451957838|dbj|AB777270.1| Mus musculus RNA for long intergenic non-coding RNA isoform of Zdbf2, complete sequence&Mus musculus RNA for long intergenic non-coding RNA isoform of Zdbf2, partial sequence&Mus musculus zinc finger, DBF-type containing 2 (Zdbf2), transcript variant 2, mRNA&Mus musculus zinc finger, DBF-type containing 2 (Zdbf2), transcript variant 1, mRNA&TPA_inf: Oryza sativa transposon Rim2-M341, complete sequence&Protopolystoma xenopodis genome assembly P_xenopodis_South_Africa ,scaffold PXEA_scaffold0009834&Zea mays uncharacterized LOC100277579 (LOC100277579), mRNA >gi|195643963|gb|EU969332.1| Zea mays clone 328764 hypothetical protein mRNA, complete cds
XLOC_017457	&Populus trichocarpa RNA-binding family protein (POPTR_0008s18340g) mRNA, complete cds&Gongylonema pulchrum genome assembly G_pulchrum_Hokkaido ,scaffold GPUH_contig0032827&Gongylonema pulchrum genome assembly G_pulchrum_Hokkaido ,scaffold GPUH_contig0032778
XLOC_041094	
XLOC_043709	&Bombyx mori nicotinic acetylcholine receptor subunit alpha 7 (nAChRa7), transcript variant 2, mRNA >gi|157427761|gb|EU082084.2| Bombyx mori nicotinic acetylcholine receptor subunit alpha 7 (achra7) mRNA, complete cds&Oryza sativa Japonica Group Os12g0168800 (Os12g0168800) mRNA, complete cds&Oryza sativa Japonica Group cDNA clone:J013136H07, full insert sequence&Auricularia delicata TFB-10046 SS5 DNA helicase (AURDEDRAFT_67866), partial mRNA&Drosophila ananassae GF12968 (Dana\GF12968), mRNA
XLOC_010304	
XLOC_019740	
XLOC_015101	&Colletotrichum fioriniae PJ7 major facilitator superfamily transporter mRNA&Gongylonema pulchrum genome assembly G_pulchrum_Hokkaido ,scaffold GPUH_contig0060398&Hydatigera taeniaeformis genome assembly H_taeniaeformis_Canary_Islands ,scaffold TTAC_contig0017021&Volvox carteri f. nagariensis pathogenesis-related protein 1-like protein, mRNA&Leishmania braziliensis MHOM/BR/75/M2904 putative fibrillarin (LBRM_19_0410) mRNA, complete cds&Agrobacterium vitis plasmid pTrAB4 putative LysR-type protein (ttuA), putative tartrate transport protein (ttuB), putative tartrate dehydrogenase (ttuC), putative hydroxypyruvate reductase (ttuD) and putative pyruvate kinase (ttuE) genes, complete cds&Homo sapiens cDNA, FLJ96590, Homo sapiens huntingtin interacting protein 2 (HIP2), mRNA&Leishmania panamensis fibrillarin, putative partial mRNA&Spirometra erinaceieuropaei genome assembly S_erinaceieuropaei ,scaffold SPER_scaffold0204893&Spirometra erinaceieuropaei genome assembly S_erinaceieuropaei ,scaffold SPER_scaffold0002134
XLOC_015830	
XLOC_000199	&Salpingoeca sp. ATCC 50818 ABC transporter (PTSG_00199) mRNA, complete cds&Auricularia delicata TFB-10046 SS5 ATP-binding cassette transporter (AURDEDRAFT_116567), mRNA&Leishmania panamensis ABC transporter, putative partial mRNA&Streptomyces antibioticus ATP-binding protein (oleB) gene, complete cds&Acanthamoeba castellanii str. Neff ABC transporter, putative (ACA1_071090) mRNA, complete cds&Micromonospora rosaria genes for nucleoside phosphorylase-like protein, ABC transporter, type-II thioesterase, aminotransferase like protein, cytochrome P450, cytochrome P450, polyketide syntase subunit, complete and partial cds, strain: IFO 13697&Auxenochlorella protothecoides ABC transporter F family member 3 partial mRNA&Leishmania braziliensis MHOM/BR/75/M2904 putative ABC transporter protein (LBRM_03_0170) mRNA, complete cds&Leishmania donovani ATP-binding cassette protein subfamily F, member 1, putative (LDBPK_030150) mRNA, complete cds&Leishmania infantum JPCM5 ATP-binding cassette protein subfamily F, member 1 (putative ABCF1) mRNA, complete cds
XLOC_035406	&Zea mays fiber protein Fb34 (LOC100273906), mRNA >gi|194705873|gb|BT042016.1| Zea mays full-length cDNA clone ZM_BFb0107N18 mRNA, complete cds&Zea mays clone 278874 fiber protein Fb34 mRNA, complete cds&Zea mays subsp. mays Mu tranposon insertion Mu1009368 flanking sequence
XLOC_007450	&Gongylonema pulchrum genome assembly G_pulchrum_Hokkaido ,scaffold GPUH_scaffold0014539&Gongylonema pulchrum genome assembly G_pulchrum_Hokkaido ,scaffold GPUH_scaffold0030860&Gongylonema pulchrum genome assembly G_pulchrum_Hokkaido ,scaffold GPUH_scaffold0007753&Gongylonema pulchrum genome assembly G_pulchrum_Hokkaido ,scaffold GPUH_scaffold0017383&Gongylonema pulchrum genome assembly G_pulchrum_Hokkaido ,scaffold GPUH_scaffold0019250&TPA_inf: Tetraodon nigroviridis partial mRNA for putative ISG12 protein (isg12 gene)&Gongylonema pulchrum genome assembly G_pulchrum_Hokkaido ,scaffold GPUH_scaffold0009771&Ajellomyces dermatitidis SLH14081 ubiquitin conjugating enzyme, mRNA&Parastrongyloides trichosuri genome assembly P_trichosuri_KNP ,scaffold PTRK_scaffold0000282&Gallus gallus forkhead box D1 (FOXD1), mRNA
XLOC_027479	
XLOC_011376	&Anopheles gambiae str. PEST AGAP000460-PA (AgaP_AGAP000460) mRNA, partial cds&Drosophila pseudoobscura pseudoobscura GA22485 (Dpse\GA22485), mRNA&Drosophila persimilis GL13119 (Dper\GL13119), mRNA&Drosophila mojavensis GI21796 (Dmoj\GI21796), mRNA&Sus scrofa mRNA, clone: LVRM10160G06, expressed in liver&Sus scrofa mRNA, clone: TCH010026E06, expressed in trachea&Sus scrofa mRNA, clone: SMG010095B06, expressed in submaxillary gland&Sus scrofa mRNA, clone:THY010014B01, expressed in thymus&Sus scrofa mRNA, clone:UTR010028G08, expressed in uterus&Sus scrofa mRNA, clone:UTR010007H09, expressed in uterus
XLOC_035394	&Ustilago sp. SL-2014 aldo-keto reductase (XR8) mRNA, complete cds&Ricinus communis Glycine-rich cell wall structural protein 1 precursor, putative, mRNA&Drosophila mojavensis GI21672 (Dmoj\GI21672), mRNA
XLOC_010808	&Karenia brevis strain CCMP2229 clone B16 alkaline phosphatase (ap) mRNA, complete cds&Karenia brevis strain CCMP2229 clone B6 alkaline phosphatase (ap) mRNA, complete cds >gi|398363483|gb|JQ670750.1| Karenia brevis strain CCMP2229 clone B7 alkaline phosphatase (ap) mRNA, complete cds >gi|398363487|gb|JQ670752.1| Karenia brevis strain CCMP2229 clone B10 alkaline phosphatase (ap) mRNA, complete cds >gi|398363489|gb|JQ670753.1| Karenia brevis strain CCMP2229 clone B12 alkaline phosphatase (ap) mRNA, complete cds >gi|398363491|gb|JQ670754.1| Karenia brevis strain CCMP2229 clone B13 alkaline phosphatase (ap) mRNA, complete cds >gi|398363495|gb|JQ670756.1| Karenia brevis strain CCMP2229 clone C1 alkaline phosphatase (ap) mRNA, complete cds >gi|398363497|gb|JQ670757.1| Karenia brevis strain CCMP2229 clone C2 alkaline phosphatase (ap) mRNA, complete cds >gi|398363499|gb|JQ670758.1| Karenia brevis strain CCMP2229 clone C3 alkaline phosphatase (ap) mRNA, complete cds >gi|398363503|gb|JQ670760.1| Karenia brevis strain CCMP2229 clone C5 alkaline phosphatase (ap) mRNA, complete cds&Karenia brevis strain CCMP2229 clone B5 alkaline phosphatase (ap) mRNA, complete cds&Karenia brevis strain CCMP2229 alkaline phosphatase mRNA, partial cds&Karenia brevis strain CCMP2229 clone C6 alkaline phosphatase (ap) mRNA, complete cds&Karenia brevis strain CCMP2229 clone B8 alkaline phosphatase (ap) mRNA, complete cds >gi|398363501|gb|JQ670759.1| Karenia brevis strain CCMP2229 clone C4 alkaline phosphatase (ap) mRNA, complete cds&Amphidinium carterae strain CCMP1314 alkaline phosphatase (aap) mRNA, complete cds&Karenia brevis strain CCMP2229 clone A2 alkaline phosphatase (ap) mRNA, complete cds&Chondrus crispus serine hydroxymethyltransferase, cytosolic (glycine hydroxymethyltransferase) (CHC_T00008323001) mRNA, complete cds
XLOC_042019	&Acanthamoeba castellanii str. Neff ATPase, AAA domain containing protein (ACA1_057420) mRNA, complete cds&Acanthamoeba castellanii str. Neff ATPase, AAA domain containing protein (ACA1_046550) mRNA, complete cds&Acanthamoeba castellanii str. Neff ATPase, AAA domain containing protein (ACA1_011280) mRNA, complete cds&Acanthamoeba castellanii str. Neff ATPase, AAA domain containing protein (ACA1_072030) mRNA, complete cds&Beauveria bassiana ARSEF 2860 ATPase protein partial mRNA&Gaeumannomyces graminis var. tritici R3-111a-1 AAA family ATPase mRNA&Cordyceps militaris CM01 AAA family ATPase, putative (CCM_05675), partial mRNA&Dichomitus squalens LYAD-421 SS1 P-loop containing nucleoside triphosphate hydrolase protein (DICSQDRAFT_156019), mRNA&Dichomitus squalens LYAD-421 SS1 P-loop containing nucleoside triphosphate hydrolase protein (DICSQDRAFT_182673), mRNA&Neofusicoccum parvum UCRNP2 putative aaa family protein mRNA
XLOC_041570	
XLOC_044422	&Chlamydomonas reinhardtii magnesium chelatase subunit I (CHLI2) mRNA, complete cds&Theobroma cacao RmlC-like cupins superfamily protein isoform 2 (TCM_026091) mRNA, complete cds&Micromonas pusilla CCMP1545 Drug/Metabolite transporter superfamily, mRNA&Spirometra erinaceieuropaei genome assembly S_erinaceieuropaei ,scaffold SPER_contig0002391&Spirometra erinaceieuropaei genome assembly S_erinaceieuropaei ,scaffold SPER_contig0003376&Forsythia suspensa clone Fs1406 microsatellite sequence&Spirometra erinaceieuropaei genome assembly S_erinaceieuropaei ,scaffold SPER_scaffold0207151&Spirometra erinaceieuropaei genome assembly S_erinaceieuropaei ,scaffold SPER_scaffold0149829&Oryza sativa Japonica Group Os01g0253500 (Os01g0253500) mRNA, complete cds&Zea mays calmodulin (LOC100280813), mRNA >gi|195608485|gb|EU953955.1| Zea mays clone 1450351 calmodulin mRNA, complete cds
XLOC_026801	
XLOC_033868	
XLOC_044549	&Volvox carteri f. nagariensis MAP kinase (mapkkkk1), mRNA&Acanthamoeba castellanii str. Neff Serine/threonineprotein kinase (ACA1_114630) mRNA, complete cds&Chlamydomonas reinhardtii strain CC-503 cw92 mt+&Papilio xuthus mRNA for germinal centre kinase III, partial cds, sequence id: Px-1968, expressed in epidermis&Coccomyxa subellipsoidea C-169 Pkinase-domain-containing protein (COCSUDRAFT_16605) mRNA, complete cds&Saprolegnia diclina VS20 TKL protein kinase mRNA&Salpingoeca sp. ATCC 50818 STE/STE20/YSK protein kinase (PTSG_01120) mRNA, complete cds&Omophlus rugosicollis voucher UPOL ZL0023 cytochrome oxidase subunit I (COI) gene, partial cds; mitochondrial&Drosophila ananassae GF20482 (Dana\GF20482), mRNA&Diaperis lewisi cytochrome c oxidase subunit I (COI) gene, partial cds; mitochondrial
XLOC_028869	&Drosophila persimilis GL16422 (Dper\GL16422), mRNA
XLOC_019109	
XLOC_034104	&Dinophysis acuminata plastid triose phosphate-phosphate translocator (TPT) mRNA, complete cds; nuclear gene for plastid product&Phaeodactylum tricornutum CCAP 1055/1 triose phosphate/phosphate translocator (Tpt1), mRNA&Thalassiosira pseudonana CCMP1335 triose or hexose phosphate/phosphate translocator, mRNA&Thalassiosira pseudonana CCMP1335 triose or hexose phosphate/phosphate translocator (Tpt2), mRNA&Phaeodactylum tricornutum phosphoenolpyruvate/phosphate translocator precursor (Tpt1) gene, complete cds; nuclear gene for chloroplast product&Thalassiosira pseudonana CCMP1335 triose phosphate/phosphate translocator (Tpt1), mRNA&Euglena gracilis prx3 mRNA for peroxiredoxin, complete cds&Rhodomonas salina chloroplast glucose-6-phosphate translocator mRNA, partial cds; nuclear gene for chloroplast product&Zea mays clone 303131 mRNA sequence&Zea mays glucose-6-phosphate/phosphate translocator 2 (LOC100281048), mRNA >gi|195611379|gb|EU955402.1| Zea mays clone 1530905 glucose-6-phosphate/phosphate translocator 2 mRNA, complete cds
XLOC_041267	&Yarrowia lipolytica YALI0C05775p (YALI0C05775g) mRNA, complete cds&Homo sapiens family with sequence similarity 46 member A (FAM46A) gene, partial cds&Bos taurus dickkopf WNT signaling pathway inhibitor 3 (DKK3), mRNA&Phyllostachys edulis cDNA clone: bphyst017h14, full insert sequence&Bos taurus dickkopf homolog 3 (Xenopus laevis), mRNA (cDNA clone MGC:159506 IMAGE:8414598), complete cds
XLOC_018470	&Brugia malayi Glycine-rich cell wall structural protein 1 precursor partial mRNA
XLOC_020654	
XLOC_028986	
XLOC_032852	&Homo sapiens tripartite motif containing 65 (TRIM65), transcript variant 2, mRNA&Homo sapiens tripartite motif containing 65 (TRIM65), transcript variant 1, mRNA&Homo sapiens tripartite motif-containing 65, mRNA (cDNA clone MGC:29759 IMAGE:4128330), complete cds&Zea mays RING-H2 finger protein ATL1G (LOC100381290), mRNA >gi|195604897|gb|EU952161.1| Zea mays clone 1213824 RING-H2 finger protein ATL1G mRNA, complete cds
XLOC_012744	&Coccoid haptophyte CCMP625 nuclear 18S ribosomal RNA gene&Gephyrocapsa oceanica gene for 18S rRNA, partial sequence, strain: MBIC10537 >gi|50507968|dbj|AB183613.1| Gephyrocapsa sp. MBIC10535 gene for 18S rRNA, partial sequence, strain: MBIC10535 >gi|50507973|dbj|AB183618.1| Emiliania sp. MBIC10582 gene for 18S rRNA, partial sequence, strain: MBIC10582&Gephyrocapsa oceanica gene for 18S rRNA, partial sequence, strain: MBIC11100 >gi|514253877|gb|KC404120.1| Emiliania huxleyi isolate RCC1208 18S ribosomal RNA gene, partial sequence >gi|514253878|gb|KC404121.1| Emiliania huxleyi isolate RCC1210 18S ribosomal RNA gene, partial sequence >gi|514253879|gb|KC404122.1| Emiliania huxleyi isolate RCC1213 18S ribosomal RNA gene, partial sequence >gi|514253880|gb|KC404123.1| Emiliania huxleyi isolate RCC1214 18S ribosomal RNA gene, partial sequence >gi|514253881|gb|KC404124.1| Emiliania huxleyi isolate RCC1218 18S ribosomal RNA gene, partial sequence >gi|514253882|gb|KC404125.1| Emiliania huxleyi isolate RCC1219 18S ribosomal RNA gene, partial sequence >gi|514253883|gb|KC404126.1| Emiliania huxleyi isolate RCC1221 18S ribosomal RNA gene, partial sequence >gi|514253884|gb|KC404127.1| Emiliania huxleyi isolate RCC1225 18S ribosomal RNA gene, partial sequence >gi|514253885|gb|KC404128.1| Emiliania huxleyi isolate RCC1227 18S ribosomal RNA gene, partial sequence >gi|514253886|gb|KC404129.1| Emiliania huxleyi isolate RCC1228 18S ribosomal RNA gene, partial sequence >gi|514253887|gb|KC404130.1| Emiliania huxleyi isolate RCC1229 18S ribosomal RNA gene, partial sequence >gi|514253888|gb|KC404131.1| Emiliania huxleyi isolate RCC1245 18S ribosomal RNA gene, partial sequence >gi|514253889|gb|KC404132.1| Emiliania huxleyi isolate RCC1246 18S ribosomal RNA gene, partial sequence >gi|514253890|gb|KC404133.1| Emiliania huxleyi isolate RCC1247 18S ribosomal RNA gene, partial sequence >gi|514253891|gb|KC404134.1| Emiliania huxleyi isolate RCC1249 18S ribosomal RNA gene, partial sequence >gi|514253892|gb|KC404135.1| Emiliania huxleyi isolate RCC1250 18S ribosomal RNA gene, partial sequence >gi|514253893|gb|KC404136.1| Emiliania huxleyi isolate RCC1251 18S ribosomal RNA gene, partial sequence >gi|514253894|gb|KC404137.1| Emiliania huxleyi isolate RCC1254 18S ribosomal RNA gene, partial sequence >gi|514253895|gb|KC404138.1| Emiliania huxleyi isolate RCC1257 18S ribosomal RNA gene, partial sequence >gi|514253896|gb|KC404139.1| Emiliania huxleyi isolate RCC1258 18S ribosomal RNA gene, partial sequence >gi|514253897|gb|KC404140.1| Emiliania huxleyi isolate RCC1322 18S ribosomal RNA gene, partial sequence >gi|514253898|gb|KC404141.1| Emiliania huxleyi isolate ESP7414 18S ribosomal RNA gene, partial sequence >gi|514253899|gb|KC404142.1| Gephyrocapsa oceanica isolate RCC1223 18S ribosomal RNA gene, partial sequence >gi|514253900|gb|KC404143.1| Gephyrocapsa oceanica isolate RCC1279 18S ribosomal RNA gene, partial sequence >gi|514253901|gb|KC404144.1| Gephyrocapsa oceanica isolate RCC1281 18S ribosomal RNA gene, partial sequence >gi|514253902|gb|KC404145.1| Gephyrocapsa oceanica isolate RCC1282 18S ribosomal RNA gene, partial sequence >gi|514253903|gb|KC404146.1| Gephyrocapsa oceanica isolate RCC1284 18S ribosomal RNA gene, partial sequence >gi|514253904|gb|KC404147.1| Gephyrocapsa oceanica isolate RCC1286 18S ribosomal RNA gene, partial sequence >gi|514253905|gb|KC404148.1| Gephyrocapsa oceanica isolate RCC1287 18S ribosomal RNA gene, partial sequence >gi|514253906|gb|KC404149.1| Gephyrocapsa oceanica isolate RCC1289 18S ribosomal RNA gene, partial sequence >gi|514253907|gb|KC404150.1| Gephyrocapsa oceanica isolate RCC1296 18S ribosomal RNA gene, partial sequence >gi|514253908|gb|KC404151.1| Gephyrocapsa oceanica isolate RCC1305 18S ribosomal RNA gene, partial sequence >gi|514253909|gb|KC404152.1| Gephyrocapsa oceanica isolate RCC1306 18S ribosomal RNA gene, partial sequence >gi|514253910|gb|KC404153.1| Gephyrocapsa oceanica isolate RCC1307 18S ribosomal RNA gene, partial sequence >gi|514253911|gb|KC404154.1| Gephyrocapsa oceanica isolate RCC1308 18S ribosomal RNA gene, partial sequence >gi|514253912|gb|KC404155.1| Gephyrocapsa oceanica isolate RCC1316 18S ribosomal RNA gene, partial sequence >gi|514253913|gb|KC404156.1| Gephyrocapsa oceanica isolate RCC1318 18S ribosomal RNA gene, partial sequence >gi|514253914|gb|KC404157.1| Gephyrocapsa oceanica isolate MM4_6 18S ribosomal RNA gene, partial sequence >gi|514253915|gb|KC404158.1| Gephyrocapsa oceanica isolate MT3-6 18S ribosomal RNA gene, partial sequence >gi|514253916|gb|KC404159.1| Gephyrocapsa oceanica isolate PR3F3 18S ribosomal RNA gene, partial sequence&Emiliania huxleyi prymnesiophyceae 16S small subunit ribosomal RNA gene, partial sequence >gi|12085147|gb|M87327.2|EMIRRNAA Emiliania huxleyi 18S ribosomal RNA, partial sequence >gi|15209120|gb|AF184167.1|AF184167 Emiliania huxleyi small subunit ribosomal RNA gene, complete sequence >gi|12188753|emb|AJ246276.2| Gephyrocapsa oceanica 18S rRNA gene, strain PLY G01&Uncultured haptophyte clone BrayaSo_water_18S 18S ribosomal RNA gene, partial sequence&Isochrysis galbana strain SAG 13.92 18S ribosomal RNA gene, partial sequence&Isochrysis galbana strain CCMP1323 18S ribosomal RNA gene, partial sequence&Isochrysis galbana strain Ifremer-Argenton98 18S ribosomal RNA gene, partial sequence >gi|377648552|gb|JF489945.1| Isochrysis galbana isolate IgalbanaIII 18S ribosomal RNA gene, partial sequence&Isochrysis sp. Tun08 18S ribosomal RNA gene, partial sequence&Isochrysis sp. CCAP 927/14 18S ribosomal RNA gene, partial sequence
XLOC_025455	
XLOC_005547	
XLOC_033006	&Cordyceps militaris CM01 MFS quinate transporter QutD (CCM_07760), partial mRNA
XLOC_043997	
XLOC_026881	
XLOC_000227	&Homo sapiens AT rich interactive domain 1A (SWI-like) (ARID1A), transcript variant 1, mRNA&Homo sapiens AT rich interactive domain 1A (SWI-like) (ARID1A), transcript variant 2, mRNA&Coniophora puteana RWD-64-598 SS2 Pkinase-domain-containing protein mRNA&Oryza sativa Japonica Group clone KCS350A09 disulfide isomerase mRNA, complete cds&Chlamydomonas reinhardtii DNA replication initiation factor (CDT1) mRNA, complete cds&Oryza sativa Japonica Group Os10g0518300 (Os10g0518300) mRNA, complete cds&Gallus gallus finished cDNA, clone ChEST864n12&Oryza sativa Japonica Group cDNA clone:J013089P16, full insert sequence&Oryza sativa Japonica Group Os01g0832300 (Os01g0832300) mRNA, complete cds&Oryza sativa Japonica Group Os01g0101700 (Os01g0101700) mRNA, complete cds
XLOC_028542	&Acanthamoeba castellanii str. Neff hydroxyacylglutathione hydrolase (ACA1_366740) mRNA, complete cds&Coniosporium apollinis CBS 100218 hydroxyacylglutathione hydrolase partial mRNA&Micromonas sp. RCC299 chromosome 6 hydroxyacylglutathione hydrolase (MICPUN_96426) mRNA, complete cds&Drosophila simulans GD14908 (Dsim\GD14908), mRNA&Drosophila sechellia GM22320 (Dsec\GM22320), mRNA&Bos taurus hydroxyacylglutathione hydrolase (HAGH), mRNA >gi|77567663|gb|BC107545.1| Bos taurus hydroxyacylglutathione hydrolase, mRNA (cDNA clone MGC:128610 IMAGE:7986212), complete cds&Vitis vinifera clone SS0AFA7YC01&Drosophila melanogaster CG4365 (CG4365), transcript variant C, mRNA&Drosophila melanogaster CG4365 (CG4365), transcript variant B, mRNA&Drosophila melanogaster FI19313 full insert cDNA
XLOC_036229	&Pleurochrysis haptonemofera cDNA, clone: ConC7&Pleurochrysis haptonemofera cDNA, clone: ConC2&Isochrysis galbana nitrate transporter mRNA, partial sequence&Isochrysis zhanjiangensis nitrate transporter (NRT) mRNA, partial cds&Dunaliella salina high affinity nitrate transporter (NRT2) mRNA, complete cds&Dunaliella salina high affinity nitrate transporter mRNA, complete cds&Micromonas pusilla CCMP1545 major facilitator superfamily (NRT2.1), mRNA&Neofusicoccum parvum UCRNP2 putative nitrate transporter protein mRNA&Chlamydomonas reinhardtii strain CC-503 cw92 mt+&Uncultured eukaryote clone ECS_Group12 high affinity nitrate transporter (Nrt2) gene, partial cds
XLOC_039742	&Toxoplasma gondii ME49 zinc finger (C3HC4 RING finger) protein, putative, mRNA
XLOC_021712	
XLOC_041995	&Culex quinquefasciatus toll, mRNA
XLOC_032123	&Chlamydomonas incerta apospory-associated protein C (ApoC) mRNA, partial cds&Chlamydomonas reinhardtii strain CC-503 cw92 mt+&Chlamydomonas reinhardtii apospory-associated protein C mRNA, complete cds&Auxenochlorella protothecoides Putative glucose-6-phosphate 1-epimerase partial mRNA&Thalassiosira pseudonana CCMP1335 aldose-1-epimerase, mRNA&Coccomyxa subellipsoidea C-169 apospory-associated protein C (COCSUDRAFT_27091) mRNA, complete cds&Amborella trichopoda galactose mutarotase-like superfamily protein mRNA, partial cds&Chloranthus japonicus galactose mutarotase-like superfamily protein mRNA, partial cds&Carica papaya galactose mutarotase-like superfamily protein mRNA, partial cds&Ostreococcus tauri apospory-associated protein C; APOC (ISS) (Ot04g01000) mRNA, complete cds
XLOC_003292	&Drosophila grimshawi GH15978 (Dgri\GH15978), mRNA&Drosophila virilis GJ12639 (Dvir\GJ12639), mRNA&Drosophila sechellia GM24424 (Dsec\GM24424), mRNA&Drosophila persimilis GL13191 (Dper\GL13191), mRNA&Chlamydomonas reinhardtii component of TRAPP complex, TRS85-like protein (TRS85) mRNA, complete cds
XLOC_019741	&Protopolystoma xenopodis genome assembly P_xenopodis_South_Africa ,scaffold PXEA_scaffold0020435
XLOC_036546	
XLOC_004811	&Oryza sativa (indica cultivar-group) cDNA clone:OSIGCRA128M21, full insert sequence&Oryza sativa Japonica Group Os05g0439400 (Os05g0439400) mRNA, complete cds&Oryza sativa Japonica Group cDNA clone:J023063H22, full insert sequence
XLOC_033872	
XLOC_015606	&Bombyx mori fmxg10C13 mRNA for glycine-rich protein, complete cds&Bombyx mori putative cuticle protein CPG33 (CPG33) gene, complete cds&Brachypodium distachyon mRNA, clone: PL016C01-A-083_N14 >gi|554786059|dbj|AK440140.1| Brachypodium distachyon mRNA, clone: PL016C01-A-103_L16&Brachypodium distachyon mRNA, clone: PL016C01-A-044_G01&Brachypodium distachyon mRNA, clone: PL016C01-A-022_E17&Brachypodium distachyon mRNA, clone: PL016C01-A-006_G06&Triticum aestivum WCSP2 mRNA for cold shock domain protein 2, complete cds&Brachypodium distachyon mRNA, clone: PL016C01-A-047_A07&Triticum aestivum GRP mRNA for putative glycine-rich protein, complete cds&Gryllus bimaculatus mRNA, GBcontig30242
XLOC_020963	&Myxococcus xanthus USC2-1p, USC2-2p, USC2-3p, USC2-4p, USC2-5p, and USC2-6p genes, complete cds&Rhodococcus sp. NCIMB 12038 glutamate synthase, Cor-like magnesium transport protein, 3-hydroxybenzoate 6-monooxygenase (narX), IcLR family transcriptional regulator (narR3), gentisate 1,2-dioxygenase (narI), fumarylpyruvate hydrolase (narK), maleylpyruvate isomerase (narL), transposases, glyoxalase protein, flavoprotein oxidoreductase, and hydrolase, alpha/beta fold family protein genes, complete cds; and transcriptional regulator protein gene, partial cds&Uncultured bacterium clone S14_TR_25 genomic sequence&Verticillium albo-atrum VaMs.102 oxidoreductase, mRNA
XLOC_040546	&Drosophila yakuba GE20585 (Dyak\GE20585), mRNA&Oryza sativa Japonica Group Os11g0458100 (Os11g0458100) mRNA, complete cds&Oryza sativa Japonica Group cDNA clone:002-100-E08, full insert sequence&H.halobium ribosomal A protein operon (ORF C, A, and B genes) for ribosomal A protein and two other ribosomal proteins&Halobium cutirubrum L11, L1, L10 and L12 equivalent ribosomal protein gene cluster&Halobacterium halobium ribosomal A protein gene&Drosophila erecta GG15644 (Dere\GG15644), mRNA
XLOC_015730	&Mus musculus ubiquitin specific peptidase 31 (Usp31), mRNA
XLOC_030502	
XLOC_029887	&Aureococcus anophagefferens expressed protein partial mRNA&Aureococcus anophagefferens expressed protein mRNA&Aureococcus anophagefferens expressed protein partial mRNA&Aureococcus anophagefferens expressed protein partial mRNA&Oryza sativa (indica cultivar-group) cDNA clone:OSIGCEA022H08, full insert sequence&Zea mays subsp. parviglumis floricaula/leafy-like 2 (zfl2) gene, complete cds
XLOC_032854	
XLOC_019154	&Istigobius decoratus receptor-interacting serine-threonine kinase 4 (RIPK4) gene, partial cds&Zea mays mitogen activated protein kinase kinase kinase (MAPKKK) mRNA, complete cds&Zea mays mitogen activated protein kinase kinase kinase (MAPKKK), mRNA >gi|194689851|gb|BT034005.1| Zea mays full-length cDNA clone ZM_BFc0036O24 mRNA, complete cds&Rattus norvegicus forkhead box G1 (Foxg1), mRNA&Rat BF-1 mRNA, complete cds
XLOC_030318	&Plasmodium vivax SaI-1 triose/hexose phosphate phosphate translocator partial mRNA&Phaeodactylum tricornutum CCAP 1055/1 plastidic triose-phosphate/phosphate translocator (Tpt3), mRNA&Glycine max cDNA, clone: GMFL01-41-P06&Glycine max cDNA, clone: GMFL01-05-A22&Salmo salar SET protein (set), mRNA >gi|221219589|gb|BT056584.1| Salmo salar clone ssal-evf-514-353 SET putative mRNA, complete cds&Salmo salar clone HM4_1108 SET translocation (myeloid leukemia-associated) B (setb) mRNA, complete cds&Enterobius vermicularis genome assembly E_vermicularis_Canary_Islands ,scaffold EVEC_scaffold0004687&Ajellomyces dermatitidis SLH14081 anaphase promoting complex subunit 10, mRNA&Ricinus communis ATP binding protein, putative, mRNA
XLOC_038448	&Homo sapiens tolloid-like 2 (TLL2), mRNA&Synthetic construct DNA, clone: pF1KSDA0932, Homo sapiens TLL2 gene for tolloid-like protein 2 precursor, complete cds, without stop codon, in Flexi system&Homo sapiens tolloid-like 2, mRNA (cDNA clone MGC:142137 IMAGE:8322629), complete cds&Synthetic construct Homo sapiens clone IMAGE:40080557, MGC:133420 TLL2 protein (TLL2) mRNA, encodes complete protein&Homo sapiens tolloid-like 2, mRNA (cDNA clone MGC:133313 IMAGE:40038726), complete cds&Homo sapiens tolloid-like 2, mRNA (cDNA clone MGC:133312 IMAGE:40038720), complete cds&Homo sapiens mRNA for KIAA0932 protein, partial cds&Homo sapiens tolloid-like 2 protein (TLL2) mRNA, complete cds&Macaca mulatta bone morphogenetic protein 1 (BMP1), mRNA&Brachypodium distachyon mRNA, clone: PL016C01-A-048_C22
XLOC_001121	&Oryza sativa Japonica Group Os06g0171600 (Os06g0171600) mRNA, complete cds&Oryza sativa Japonica Group cDNA clone:001-127-G09, full insert sequence
XLOC_019254	&Zea mays full-length cDNA clone ZM_BFb0218C20 mRNA, complete cds&Zea mays clone EL01N0523E04.d mRNA sequence&Zea mays clone 284889 major Facilitator superfamily protein mRNA, complete cds&Zea mays full-length cDNA clone ZM_BFb0324K12 mRNA, complete cds&Zea mays LOC100283588 (pco062070), mRNA >gi|195635768|gb|EU965235.1| Zea mays clone 284680 major Facilitator superfamily protein mRNA, complete cds&Zea mays clone 242462 major Facilitator superfamily protein mRNA, complete cds&Oryza sativa Japonica Group ABNORMAL SHOOT IN YOUTH LIKE mRNA for DUF791 domain protein, complete cds&Oryza sativa (indica cultivar-group) cDNA clone:OSIGCRA108N07, full insert sequence&Oryza sativa Japonica Group Os03g0114800 (Os03g0114800) mRNA, complete cds&Oryza sativa Japonica Group cDNA clone:J013023A12, full insert sequence
XLOC_043466	
XLOC_015578	&Chlamydomonas reinhardtii strain CC-503 cw92 mt+
XLOC_039540	&Homo sapiens tumor necrosis factor, alpha-induced protein 8-like 3 (TNFAIP8L3), mRNA&Drosophila melanogaster phosphatidylinositol glycan anchor biosynthesis, class S ortholog (PIG-S), mRNA&Synthetic construct Drosophila melanogaster clone BS10001 encodes CG31120-RB&Synthetic construct Drosophila melanogaster clone BO10401 encodes CG31120-RB&Drosophila melanogaster FI06802 full insert cDNA&Drosophila yakuba GE10757 (Dyak\GE10757), mRNA&Homo sapiens cDNA FLJ41287 fis, clone BRAMY2038484, moderately  similar to Homo sapiens MDC-3.13 isoform 2 mRNA&Drosophila melanogaster SD10476 full length cDNA&Drosophila melanogaster GM10512 full insert cDNA
XLOC_036865	
XLOC_037546	&Micromonas sp. RCC299 chromosome 13 major facilitator superfamily (MICPUN_63387) mRNA, complete cds&Pseudomonas stutzeri DnrE (dnrE) gene, complete cds; NarL-like (narL) and NarX-like (narX) genes, complete sequence; NarK (narK), NarM (narM), NarG (narG), NarH (narH), NarJ (narJ), and NarI (narI) genes, complete cds; and unknown gene&Pseudomonas fluorescens nitrate/nitrite response regulator (narL), nitrate/nitrite sensor protein (narX), putative nitrate/nitrite transporter (narD), putative nitrate/nitrite transporter (narK), respiratory nitrate reductase alpha subunit (narG), respiratory nitrate reductase beta subunit (narH), putative chaperone protein (narJ), and respiratory nitrate reductase gamma subunit (narI) genes, complete cds; and NifM (nifM) gene, partial cds
XLOC_031505	&Gallus gallus finished cDNA, clone ChEST372k22&Gallus gallus dickkopf homolog 3 (Xenopus laevis) (DKK3), mRNA >gi|517092|dbj|D26311.1|CHKESTFLUA Gallus gallus mRNA, complete cds, clone:CLFEST4&Oryza sativa transmembrane protein mRNA, complete cds >gi|1632821|emb|Y08962.1| O.sativa mRNA for transmembrane protein&Brachypodium distachyon mRNA, clone: PL016C01-A-091_L04&Brachypodium distachyon mRNA, clone: PL016C01-A-083_O11 >gi|554787159|dbj|AK424831.1| Brachypodium distachyon mRNA, clone: PL016C01-A-004_I23&Brachypodium distachyon mRNA, clone: PL016C01-A-048_J11 >gi|554779797|dbj|AK433568.1| Brachypodium distachyon mRNA, clone: PL016C01-A-060_H12&Brachypodium distachyon mRNA, clone: PL016C01-A-040_A03&Vetiveria zizanioides plasma membrane intrinsic protein (PIP1-1) mRNA, complete cds&Lolium perenne putative PIP-type aquaporin (APQ) mRNA, partial cds&Triticum aestivum aquaporin 8 (AQP8) mRNA, complete cds
XLOC_046016	&Saprolegnia diclina VS20 AGC/PKA protein kinase partial mRNA&Chlamydomonas reinhardtii strain CC-503 cw92 mt+&Chlamydomonas reinhardtii target of rapamycin kinase (TOR) mRNA, complete cds&Burkholderia cepacia genomovar III strain J2315 type III secretion gene cluster, complete sequence
XLOC_015603	&Micromonas sp. RCC299 chromosome 8 Ca2+:Cation antiporter family (MICPUN_61010) mRNA, complete cds&Ixodes scapularis potassium-dependent sodium-calcium exchanger, putative, mRNA&Ostreococcus tauri Solute carrier family 24 member 4, isoform 1 precursor (ISS) (Ot11g02640) mRNA, complete cds&Micromonas pusilla CCMP1545 Ca2+:Cation antiporter family, mRNA&Ostreococcus lucimarinus CCE9901 CaCA family transporter: sodium ion/potassium ion/calcium ion (OSTLU_2890) mRNA, partial cds&Hammondia hammondi tetratricopeptide repeat-containing protein partial mRNA&Spirometra erinaceieuropaei genome assembly S_erinaceieuropaei ,scaffold SPER_scaffold0125482&Gymnogyps californianus contig 102G microsatellite sequence&Agkistrodon contortrix clone E33DIFJ02JQG0K microsatellite sequence&Tetrahymena thermophila cyclic nucleotide-binding domain containing protein, mRNA
XLOC_043915	&Apis mellifera ecdysone receptor (Ecr), transcript variant B1, mRNA&Apis mellifera EcR-B1 mRNA for ecdysone receptor B1 isoform, complete cds&Drosophila yakuba GE16202 (Dyak\GE16202), mRNA&Drosophila melanogaster Cyclic-AMP response element binding protein B (CrebB), transcript variant P, mRNA&Drosophila melanogaster Cyclic-AMP response element binding protein B (CrebB), transcript variant O, mRNA&Drosophila melanogaster Cyclic-AMP response element binding protein B (CrebB), transcript variant N, mRNA&Drosophila melanogaster Cyclic-AMP response element binding protein B (CrebB), transcript variant M, mRNA&Drosophila melanogaster Cyclic-AMP response element binding protein B (CrebB), transcript variant J, mRNA&Apis mellifera ecdysone receptor (Ecr), transcript variant A, mRNA&Apis mellifera EcR-A mRNA for ecdysone receptor A isoform, complete cds
XLOC_030879	
XLOC_019548	
XLOC_001000	&Mus musculus peroxiredoxin 6 (Prdx6) gene, complete cds&Mus musculus 1-Cys peroxiredoxin protein gene, exon 1
XLOC_002298	&Marssonina brunnea f. sp. 'multigermtubi' MB_m1 isochorismatase (MBM_04577), mRNA&Oryza sativa Japonica Group Os07g0175400 (Os07g0175400) mRNA, complete cds&Oryza sativa Japonica Group cDNA clone:002-172-D08, full insert sequence&Oryza sativa Japonica Group Os06g0654500 (Os06g0654500) mRNA, complete cds&Zea mays putative RING zinc finger domain superfamily protein (LOC100273252), mRNA >gi|194703039|gb|BT040599.1| Zea mays full-length cDNA clone ZM_BFc0103B23 mRNA, complete cds&Spirometra erinaceieuropaei genome assembly S_erinaceieuropaei ,scaffold SPER_scaffold0031990&Homo sapiens castor zinc finger 1 (CASZ1), transcript variant 1, mRNA&Zea mays putative RING zinc finger domain superfamily protein (LOC100381751), mRNA >gi|223945568|gb|BT062171.1| Zea mays full-length cDNA clone ZM_BFb0222P13 mRNA, complete cds&Homo sapiens castor long variant (CAS11) mRNA, complete cds&Ostreococcus tauri unnamed protein product (Ot15g01720) mRNA, complete cds
XLOC_035422	
XLOC_009926	&Auxenochlorella protothecoides E3 ubiquitin-protein ligase UPL3 partial mRNA&Gryllus bimaculatus mRNA, GBcontig00160&Neofusicoccum parvum UCRNP2 putative vitamin h transporter protein mRNA&Phyllostachys edulis cDNA clone: bphyem208e15, full insert sequence&Drosophila mojavensis GI15166 (Dmoj\GI15166), mRNA&Drosophila mojavensis GI22715 (Dmoj\GI22715), mRNA&Chlamydomonas reinhardtii SNF2 family chromodomain-helicase (CHLREDRAFT_13217) mRNA, complete cds&Fonticula alba serine/threonine protein kinase partial mRNA&Leishmania infantum JPCM5 proteophosphoglycan 5 (LINJ_35_0530) mRNA, complete cds&Leishmania infantum JPCM5 putative proteophosphoglycan ppg3 (LINJ_35_0500) mRNA, complete cds
XLOC_003016	&Auricularia delicata TFB-10046 SS5 cyclohydrolase (AURDEDRAFT_87565), partial mRNA&Saprolegnia diclina VS20 GTP cyclohydrolase II mRNA&Mycobacterium neoaurum strain NwIB-01 inosine-5'-monophosphate dehydrogenase (cds1) gene, partial cds; and IMP dehydrogenase family protein (cds2), cholesterol oxidase (choM1), and catalase KatA (KatA) genes, complete cds&Cladophialophora psammophila CBS 110553 GTP cyclohydrolase II partial mRNA&Capronia epimyces CBS 606.96 GTP cyclohydrolase II partial mRNA&Cladophialophora yegresii CBS 114405 GTP cyclohydrolase II partial mRNA&Capronia coronata CBS 617.96 GTP cyclohydrolase II partial mRNA&Exophiala dermatitidis NIH/UT8656 GTP cyclohydrolase II, variant mRNA&Exophiala dermatitidis NIH/UT8656 GTP cyclohydrolase II mRNA&Neofusicoccum parvum UCRNP2 putative gtp cyclohydrolase ii protein mRNA
XLOC_002712	&Gemmata sp. Wa1-1 putative serine/threonine protein kinase gene, complete cds&Auxenochlorella protothecoides putative serine/threonine-protein kinase GCN2 partial mRNA&M.xanthus pkn1 gene, complete cds&Verticillium dahliae VdLs.17 serine/threonine-protein kinase plo1 partial mRNA&Verticillium albo-atrum VaMs.102 serine/threonine-protein kinase plo1, mRNA&Tetrastes bonasia oocyte maturation factor Mos (c-mos) gene, partial cds&Acanthamoeba castellanii str. Neff Serine/threonine protein kinase (ACA1_045260) mRNA, complete cds&Eudromia elegans voucher PGect oocyte maturation factor (CMOS) gene, partial cds&Homo sapiens cDNA FLJ53659 complete cds, highly similar to Myosin light chain kinase, smooth muscle (EC2.7.11.18)&Synthetic construct DNA, clone: pF1KB1487, Homo sapiens MYLK gene for myosin light chain kinase, complete cds, without stop codon, in Flexi system
XLOC_024462	&Plasmodium cynomolgi strain B phosphatidylinositol transfer domain containing protein (PCYB_121270) mRNA, complete cds&Neospora caninum Liverpool ubiquitin carboxyl-terminal hydrolase, related (NCLIV_041690) mRNA, partial cds&Chlamydomonas reinhardtii strain CC-503 cw92 mt+&Colletotrichum fioriniae PJ7 2OG-Fe(II)oxygenase superfamily protein mRNA&Punctularia strigosozonata HHB-11173 SS5 sulfate anion transporter (PUNSTDRAFT_76111), partial mRNA&Drosophila melanogaster CG7518 (CG7518), transcript variant J, mRNA&Drosophila melanogaster CG7518 (CG7518), transcript variant I, mRNA&Drosophila melanogaster CG7518 (CG7518), transcript variant H, mRNA&Drosophila melanogaster CG7518 (CG7518), transcript variant G, mRNA&Drosophila melanogaster CG7518 (CG7518), transcript variant F, mRNA
XLOC_040257	
XLOC_041900	&Micromonas sp. RCC299 chromosome 14 Drug/Metabolite transporter superfamily (MICPUN_69406) mRNA, partial cds&Chondrus crispus similar to glucose-6-phosphate/phosphate-translocator precursor (CHC_T00009257001) mRNA, complete cds&Ostreococcus lucimarinus CCE9901 DMT family transporter: triose phosphate/phosphate (OSTLU_18149) mRNA, complete cds
XLOC_001788	&Phaeodactylum tricornutum CCAP 1055/1 acyl desaturase, mRNA&Ostreococcus tauri Fatty acid desaturase (ISS) (Ot03g03040) mRNA, complete cds&Symbiodinium kawagutii strain CCMP2468 clone SymkaFL1061064218107(5'-), partial sequence
XLOC_041011	&Nannochloropsis gaditana CCMP526 DNA excision repair protein ERCC-5 (ERCC5) mRNA, partial cds&Thalassiosira pseudonana CCMP1335 DNA repair enzyme, mRNA&Gaeumannomyces graminis var. tritici R3-111a-1 DNA-repair protein rad2 mRNA&Dichomitus squalens LYAD-421 SS1 PIN domain-like protein (DICSQDRAFT_82849), partial mRNA&Beauveria bassiana ARSEF 2860 DNA-repair protein rad2 partial mRNA&Trametes versicolor FP-101664 SS1 PIN domain-like protein partial mRNA&Fomitiporia mediterranea MF3/22 PIN domain-like protein (FOMMEDRAFT_138414), partial mRNA&Auxenochlorella protothecoides Phosphatidylinositol 4-kinase alpha 1 partial mRNA&Colletotrichum gloeosporioides Nara gc5 DNA-repair protein rad2 (CGGC5_1152), partial mRNA&Anopheles gambiae str. PEST AGAP008939-PA (AgaP_AGAP008939) mRNA, complete cds
XLOC_014539	&Phytophthora sojae putative methyltetrahydrofolate-homocysteine S-methyltransferase partial mRNA&Saprolegnia diclina VS20 methionine synthase mRNA&Strigomonas culicis clone BCU_2.1.1.13 methionine synthase gene, complete cds&Salpingoeca sp. ATCC 50818 methionine synthase (PTSG_01727) mRNA, complete cds&Strigomonas oncopelti clone CON_2.1.1.13 methionine synthase gene, partial cds&Herpetomonas muscarum clone H1_2.1.1.13 5-methyltetrahydropteroyltriglutamate-homocysteine gene, complete cds&Brugia timori genome assembly B_timori_Indonesia_v1_0_4 ,scaffold BTMF_contig0009274&Phaeodactylum tricornutum CCAP 1055/1 methionine synthase (METH), mRNA&Ostreococcus lucimarinus CCE9901 B12 dependent methionine synthase (metH) mRNA, complete cds&Aphanomyces astaci methionine synthase mRNA
XLOC_036665	&Symbiodinium kawagutii strain CCMP2468 clone SymkaFL1061064220317(5'-), partial sequence&Symbiodinium sp. clade C3 unknown mRNA&Symbiodinium kawagutii strain CCMP2468 clone SymkaFL1061064198163(5'-), partial sequence&Isochrysis galbana clone ISCA1 carbonic anhydrase mRNA, partial cds
XLOC_041999	&Lingulodinium polyedrum chloroplast sedoheptulose-1,7-bisphosphatase (SBP) mRNA, complete cds; nuclear gene for chloroplast product&Micromonas sp. RCC299 chromosome 7 Sedoheptulose-1,7-bisphosphatase (SBPASE) mRNA, complete cds&Ostreococcus tauri sedoheptulose-1,7-bisphosphatase (ISS) (Ot03g05460) mRNA, complete cds&Guillardia theta chloroplast sedoheptulose-1,7-bisphosphatase (SBP) mRNA, complete cds; nuclear gene for chloroplast product&Prymnesium parvum chloroplast sedoheptulose-1,7-bisphosphatase (SBP) gene, complete cds; nuclear gene for chloroplast product&Chromera velia chloroplast sedoheptulose-1,7-bisphosphatase (SBP1) mRNA, complete cds; nuclear gene for chloroplast product&Guillardia theta chloroplast sedoheptulose-1,7 bisphosphatase mRNA, partial cds; nuclear gene for chloroplast product&Pavlova lutheri isolate 3215 chloroplast sedoheptulose bisphosphatase mRNA, partial cds; nuclear gene for chloroplast product&Lepidodinium chlorophorum partial mRNA for sedoheptulose-1,7-bisphosphatase (sbpase gene)&Euglena gracilis chloroplast sedoheptulose-1,7-bisphosphatase (SBP) mRNA, complete cds; nuclear gene for chloroplast product
XLOC_025781	&Acanthamoeba castellanii str. Neff aspartic proteinase (ACA1_173660) mRNA, partial cds&Lethenteron camtschaticum cathepsin D mRNA, complete cds&Branchiostoma belcheri cathepsin D mRNA, complete cds&Culex quinquefasciatus lysosomal aspartic protease, mRNA&Drosophila simulans GD10217 (Dsim\GD10217), mRNA&Drosophila sechellia GM20753 (Dsec\GM20753), mRNA&Phytophthora infestans strain T30-4 aspartic protease 1 gene, complete cds&Phytophthora infestans T30-4 aspartyl protease family A01A, putative (PITG_09387) mRNA, complete cds&Drosophila erecta GG10707 (Dere\GG10707), mRNA&Phytophthora infestans clone PB005D3 aspartic protease mRNA, complete cds
XLOC_011920	&Chondrus crispus probable anion transporter (CHC_T00008507001) mRNA, complete cds&Cyanidioschyzon merolae strain 10D probable anion transporter (CYME_CMR009C) mRNA, complete cds&Gongylonema pulchrum genome assembly G_pulchrum_Hokkaido ,scaffold GPUH_scaffold0017383&Gongylonema pulchrum genome assembly G_pulchrum_Hokkaido ,scaffold GPUH_scaffold0009344&Gongylonema pulchrum genome assembly G_pulchrum_Hokkaido ,scaffold GPUH_scaffold0030860&Gongylonema pulchrum genome assembly G_pulchrum_Hokkaido ,scaffold GPUH_scaffold0014539
XLOC_020309	&TPA_inf: Tetraodon nigroviridis partial mRNA for putative ISG12 protein (isg12 gene)&Spirometra erinaceieuropaei genome assembly S_erinaceieuropaei ,scaffold SPER_contig0187861&Spirometra erinaceieuropaei genome assembly S_erinaceieuropaei ,scaffold SPER_scaffold0010938&Chlamydomonas reinhardtii histone methyltransferase (SET4) mRNA, complete cds&Chlamydomonas reinhardtii nucleolar protein (NOP14) mRNA, complete cds&Spirometra erinaceieuropaei genome assembly S_erinaceieuropaei ,scaffold SPER_contig0050232&Drosophila ananassae GF15991 (Dana\GF15991), mRNA&Drosophila ananassae B-H1 (Dana\B-H1), mRNA&Drosophila mojavensis GI12547 (Dmoj\GI12547), mRNA
XLOC_037092	&Auxenochlorella protothecoides ABC transporter B family member 4 partial mRNA&Oryza sativa Japonica Group Os08g0564400 (Os08g0564400) mRNA, complete cds&Oryza sativa Japonica Group cDNA clone:J033022P13, full insert sequence&Oryza sativa Japonica Group cDNA clone:J033045G11, full insert sequence&Oryza sativa Japonica Group cDNA clone:J013139P17, full insert sequence&Oryza sativa Japonica Group cDNA clone:001-205-A06, full insert sequence&Oryza sativa Japonica Group mdr14 gene for MDR-like ABC transporter, exons 1-4&Sorghum bicolor P-glycoprotein 1 (PGP1) gene, PGP1-Dw3-T allele, complete cds&Colletotrichum gloeosporioides Nara gc5 ABC multidrug transporter mdr1 (CGGC5_657), partial mRNA&Zea mays cultivar B73 PGP1 (pgp1) gene, complete cds
XLOC_015732	&Micromonas sp. RCC299 chromosome 12 5'-Nucleotidase (MICPUN_96701) mRNA, complete cds&Auxenochlorella protothecoides Cytosolic purine 5'-nucleotidase partial mRNA&Cyanidioschyzon merolae strain 10D probable cytosolic IMP-GMP specific 5'-nucleotidase (CYME_CMC020C) mRNA, complete cds&Aureococcus anophagefferens putative 5'-nucleotidase (NTD2), partial mRNA&Ostreococcus tauri cytosolic IMP-GMP specific 5-nucleotidase, putative (ISS) (Ot11g03090) mRNA, complete cds&Picea glauca clone GQ03116_C19 mRNA sequence
XLOC_021631	&Micromonas pusilla CCMP1545 oxidase, mRNA&Micromonas sp. RCC299 chromosome 5 oxidase (MICPUN_58339) mRNA, complete cds&Bathycoccus prasinos zeta-carotene desaturase (Bathy07g02010) mRNA, complete cds&Phaeodactylum tricornutum CCAP 1055/1 chromosome 3 PDS-like 1, phytoene desaturase-like protein, phytoene dehydrogenase-like protein (PDS-like1) mRNA, complete cds&Ostreococcus tauri unnamed protein product (Ot03g04230) mRNA, complete cds&Phragmites australis PhaCNGC2;4 mRNA for cyclic nucleotide gated channel 2, complete cds&Phragmites australis PhaCNGC2;3 mRNA for cyclic nucleotide gated channel 2, complete cds&Phragmites australis PhaCNGC2;2 mRNA for cyclic nucleotide gated channel 2, complete cds&Phragmites australis PhaCNGC2;1 mRNA for cyclic nucleotide gated channel 2, complete cds&Phyllostachys edulis cDNA clone: bphylf031j21, full insert sequence
XLOC_014183	&Spirometra erinaceieuropaei genome assembly S_erinaceieuropaei ,scaffold SPER_scaffold0109430
XLOC_045569	&Salmo salar RGP1 retrograde golgi transport homolog (S. cerevisiae) (rgp1), mRNA >gi|209151694|gb|BT044817.1| Salmo salar clone ssal-rgf-504-229 Ran GTPase-activating protein 1 putative mRNA, complete cds&Macaca fascicularis brain cDNA clone:QtrA-14862, similar to human disrupter of silencing 10 (SAS10), mRNA, NM_020368.1&Hammondia hammondi tRNA (guanine-N1)-methyltransferase partial mRNA
XLOC_018565	
XLOC_015938	&Micromonas pusilla CCMP1545 hep hag like protein, mRNA&Oryza sativa Japonica Group Os06g0649800 (Os06g0649800) mRNA, complete cds&Oryza sativa Japonica Group cDNA, clone: J065206E06, full insert sequence&Ostreococcus tauri LPA (ISS) (Ot11g03260) mRNA, complete cds&Micromonas sp. RCC299 chromosome 3 divalent Anion:Na+ symporter family (MICPUN_80104) mRNA, complete cds
XLOC_011178	&Triticum aestivum cDNA, clone: SET5_O10, cultivar: Chinese Spring&Togninia minima UCRPA7 putative nop16-like protein mRNA
